{
    "status": "Optimal",
    "rota_otima": [
        0,
        7,
        8,
        9,
        10,
        12,
        6,
        11,
        5,
        4,
        3,
        2,
        13,
        1,
        0
    ],
    "custo_total": 3359.0,
    "portos_calado_reduzido": [
        11,
        2,
        1,
        5,
        4,
        9,
        12
    ],
    "calado_portos": [
        33.224206677231756,
        28.224206677231756,
        28.224206677231756,
        33.224206677231756,
        28.224206677231756,
        28.224206677231756,
        33.224206677231756,
        33.224206677231756,
        33.224206677231756,
        28.224206677231756,
        33.224206677231756,
        28.224206677231756,
        28.224206677231756,
        33.224206677231756
    ],
    "tempo_resolucao_segundos": 1.4312561149999965
}