{
    "status": "Optimal",
    "rota_otima": [
        0,
        1,
        13,
        2,
        3,
        4,
        5,
        11,
        6,
        12,
        7,
        10,
        8,
        9,
        0
    ],
    "custo_total": 3323.0,
    "portos_calado_reduzido": [],
    "calado_portos": [
        33.224206677231756,
        33.224206677231756,
        33.224206677231756,
        33.224206677231756,
        33.224206677231756,
        33.224206677231756,
        33.224206677231756,
        33.224206677231756,
        33.224206677231756,
        33.224206677231756,
        33.224206677231756,
        33.224206677231756,
        33.224206677231756,
        33.224206677231756
    ],
    "tempo_resolucao_segundos": 1.161027656999977
}