{
    "status": "Optimal",
    "rota_otima": [
        0,
        3,
        12,
        6,
        7,
        5,
        16,
        13,
        14,
        2,
        10,
        9,
        1,
        4,
        8,
        11,
        15,
        0
    ],
    "custo_total": 2085.0,
    "portos_calado_reduzido": [],
    "calado_portos": [
        39.06315011727191,
        39.06315011727191,
        39.06315011727191,
        39.06315011727191,
        39.06315011727191,
        39.06315011727191,
        39.06315011727191,
        39.06315011727191,
        39.06315011727191,
        39.06315011727191,
        39.06315011727191,
        39.06315011727191,
        39.06315011727191,
        39.06315011727191,
        39.06315011727191,
        39.06315011727191,
        39.06315011727191
    ],
    "tempo_resolucao_segundos": 0.9984762369999771
}