{
    "status": "Optimal",
    "rota_otima": [
        0,
        15,
        11,
        8,
        4,
        1,
        9,
        10,
        2,
        14,
        13,
        16,
        5,
        7,
        6,
        12,
        3,
        0
    ],
    "custo_total": 2085.0,
    "portos_calado_reduzido": [
        4,
        1,
        12,
        5,
        16,
        14,
        3,
        2,
        9
    ],
    "calado_portos": [
        39.06315011727191,
        34.06315011727191,
        34.06315011727191,
        34.06315011727191,
        34.06315011727191,
        34.06315011727191,
        39.06315011727191,
        39.06315011727191,
        39.06315011727191,
        34.06315011727191,
        39.06315011727191,
        39.06315011727191,
        34.06315011727191,
        39.06315011727191,
        34.06315011727191,
        39.06315011727191,
        34.06315011727191
    ],
    "tempo_resolucao_segundos": 2.545724469000106
}