{
    "status": "Optimal",
    "rota_otima": [
        0,
        6,
        7,
        5,
        15,
        4,
        8,
        2,
        1,
        20,
        14,
        13,
        12,
        17,
        9,
        16,
        18,
        19,
        10,
        3,
        11,
        0
    ],
    "custo_total": 2707.0,
    "portos_calado_reduzido": [
        4,
        1,
        9,
        8,
        17,
        3,
        12,
        2,
        11,
        18,
        13
    ],
    "calado_portos": [
        48.78271708766145,
        43.78271708766145,
        43.78271708766145,
        43.78271708766145,
        43.78271708766145,
        48.78271708766145,
        48.78271708766145,
        48.78271708766145,
        43.78271708766145,
        43.78271708766145,
        48.78271708766145,
        43.78271708766145,
        43.78271708766145,
        43.78271708766145,
        48.78271708766145,
        48.78271708766145,
        48.78271708766145,
        43.78271708766145,
        43.78271708766145,
        48.78271708766145,
        48.78271708766145
    ],
    "tempo_resolucao_segundos": 0.8619602710000436
}