{
    "status": "Optimal",
    "rota_otima": [
        0,
        7,
        13,
        12,
        11,
        6,
        5,
        14,
        4,
        10,
        8,
        9,
        18,
        19,
        20,
        15,
        2,
        1,
        16,
        3,
        17,
        21,
        0
    ],
    "custo_total": 7047.0,
    "portos_calado_reduzido": [
        21,
        4,
        1,
        9,
        8,
        17,
        3,
        12,
        2,
        11,
        18
    ],
    "calado_portos": [
        50.56170480896554,
        45.56170480896554,
        45.56170480896554,
        45.56170480896554,
        45.56170480896554,
        50.56170480896554,
        50.56170480896554,
        50.56170480896554,
        45.56170480896554,
        45.56170480896554,
        50.56170480896554,
        45.56170480896554,
        45.56170480896554,
        50.56170480896554,
        50.56170480896554,
        50.56170480896554,
        50.56170480896554,
        45.56170480896554,
        45.56170480896554,
        50.56170480896554,
        50.56170480896554,
        45.56170480896554
    ],
    "tempo_resolucao_segundos": 31.844810097999925
}