{
    "status": "Optimal",
    "rota_otima": [
        0,
        13,
        12,
        11,
        6,
        5,
        14,
        4,
        10,
        8,
        9,
        18,
        19,
        20,
        15,
        2,
        1,
        16,
        21,
        3,
        17,
        7,
        0
    ],
    "custo_total": 7013.0,
    "portos_calado_reduzido": [],
    "calado_portos": [
        50.56170480896554,
        50.56170480896554,
        50.56170480896554,
        50.56170480896554,
        50.56170480896554,
        50.56170480896554,
        50.56170480896554,
        50.56170480896554,
        50.56170480896554,
        50.56170480896554,
        50.56170480896554,
        50.56170480896554,
        50.56170480896554,
        50.56170480896554,
        50.56170480896554,
        50.56170480896554,
        50.56170480896554,
        50.56170480896554,
        50.56170480896554,
        50.56170480896554,
        50.56170480896554,
        50.56170480896554
    ],
    "tempo_resolucao_segundos": 62.650963836999836
}