{
    "status": "Optimal",
    "rota_otima": [
        0,
        7,
        14,
        4,
        10,
        8,
        9,
        6,
        5,
        13,
        12,
        11,
        15,
        2,
        1,
        3,
        0
    ],
    "custo_total": 6890.0,
    "portos_calado_reduzido": [
        11,
        2,
        1,
        12,
        5,
        4,
        10,
        3
    ],
    "calado_portos": [
        36.95466563135283,
        31.95466563135283,
        31.95466563135283,
        31.95466563135283,
        31.95466563135283,
        31.95466563135283,
        36.95466563135283,
        36.95466563135283,
        36.95466563135283,
        36.95466563135283,
        31.95466563135283,
        31.95466563135283,
        31.95466563135283,
        36.95466563135283,
        36.95466563135283,
        36.95466563135283
    ],
    "tempo_resolucao_segundos": 2.2971353709999676
}