{
    "status": "Optimal",
    "rota_otima": [
        0,
        7,
        3,
        1,
        2,
        15,
        9,
        8,
        10,
        4,
        14,
        5,
        6,
        11,
        12,
        13,
        0
    ],
    "custo_total": 6859.0,
    "portos_calado_reduzido": [],
    "calado_portos": [
        36.95466563135283,
        36.95466563135283,
        36.95466563135283,
        36.95466563135283,
        36.95466563135283,
        36.95466563135283,
        36.95466563135283,
        36.95466563135283,
        36.95466563135283,
        36.95466563135283,
        36.95466563135283,
        36.95466563135283,
        36.95466563135283,
        36.95466563135283,
        36.95466563135283,
        36.95466563135283
    ],
    "tempo_resolucao_segundos": 4.135963777000143
}